,precision,recall,f1-score,support
0,0.7353126974099811,0.9129411764705883,0.814555633310007,1275.0
1,0.8669064748201439,0.6330998248686515,0.7317813765182186,1142.0
accuracy,0.7807199007033513,0.7807199007033513,0.7807199007033513,0.7807199007033513
macro avg,0.8011095861150626,0.7730205006696198,0.7731685049141128,2417.0
weighted avg,0.7974889877709269,0.7807199007033513,0.775445909993407,2417.0
